,id,dataset,qst,response,label,type,comment,ref,prompt,gen,res
0,0,math,Show me the answer for the following math question: 143287*534156=?,"To find the product of 143287 and 534156, you can use the standard long multiplication method as follows:\n\nmarkdown\nCopy code\n143287*534156\n---------\n715740   (6 x143287)\n+4294440   (5 x 143287)\n+11448176   (4 x 143287)\n---------\n76529372\nTherefore, 143287 multiplied by 534156 equals 76529372.",[False],[],['76537610772'],[],"[{'role': 'system', 'content': 'You are a helpful assistant.'}, {'role': 'user', 'content': 'I will show you a question and a list of text segments. All the segments can be concatenated to form a complete answer to the question. Your task is to assess whether each text segment contains errors or not. \nPlease generate using the following format:\nAnswer: List the ids of the segments with errors (separated by commas). Please only output the ids, no more details. If all the segments are correct, output ""ALL_CORRECT"".\n\nHere is one example:\nQuestion: 8923164*7236571?\nSegments: \n1. The product of 8923164 and 7236571 is: 6,461,216,222,844\n2. So, 8923164 multiplied by 7236571 is equal to 6,461,216,222,844.\n\nBelow are your outputs:\nAnswer: 1,2\nIt means segment 1,2 contain errors.\n\nBelow are my inputs:\n\n\nQuestion: Show me the answer for the following math question: 143287*534156=?\nSegments: 1. To find the product of 143287 and 534156, you can use the standard long multiplication method as follows:\n\n\n\n\n143287*534156\n---------\n715740   (6 x143287)\n+4294440   (5 x 143287)\n+11448176   (4 x 143287)\n---------\n76529372\n\n\n\n\nTherefore, 143287 multiplied by 534156 equals 76529372.\n'}]",Answer: ALL_CORRECT,['FP']
1,1,math,Give me the largest even prime.,The largest even prime number is 2.,[True],[],[''],[],"[{'role': 'system', 'content': 'You are a helpful assistant.'}, {'role': 'user', 'content': 'I will show you a question and a list of text segments. All the segments can be concatenated to form a complete answer to the question. Your task is to assess whether each text segment contains errors or not. \nPlease generate using the following format:\nAnswer: List the ids of the segments with errors (separated by commas). Please only output the ids, no more details. If all the segments are correct, output ""ALL_CORRECT"".\n\nHere is one example:\nQuestion: 8923164*7236571?\nSegments: \n1. The product of 8923164 and 7236571 is: 6,461,216,222,844\n2. So, 8923164 multiplied by 7236571 is equal to 6,461,216,222,844.\n\nBelow are your outputs:\nAnswer: 1,2\nIt means segment 1,2 contain errors.\n\nBelow are my inputs:\n\n\nQuestion: Give me the largest even prime.\nSegments: 1. The largest even prime number is 2.\n'}]",Answer: 1,['FN']
2,2,math,"In triaiangle ABC, angie ABC is 89 degrees. Can this be a right traiangle?","No, a triangle with an angle of 89 degrees cannot be a right triangle because a right triangle must have one angle that measures exactly 90 degrees.",[False],[],"['90, 89, 1']",[],"[{'role': 'system', 'content': 'You are a helpful assistant.'}, {'role': 'user', 'content': 'I will show you a question and a list of text segments. All the segments can be concatenated to form a complete answer to the question. Your task is to assess whether each text segment contains errors or not. \nPlease generate using the following format:\nAnswer: List the ids of the segments with errors (separated by commas). Please only output the ids, no more details. If all the segments are correct, output ""ALL_CORRECT"".\n\nHere is one example:\nQuestion: 8923164*7236571?\nSegments: \n1. The product of 8923164 and 7236571 is: 6,461,216,222,844\n2. So, 8923164 multiplied by 7236571 is equal to 6,461,216,222,844.\n\nBelow are your outputs:\nAnswer: 1,2\nIt means segment 1,2 contain errors.\n\nBelow are my inputs:\n\n\nQuestion: In triaiangle ABC, angie ABC is 89 degrees. Can this be a right traiangle?\nSegments: 1. No, a triangle with an angle of 89 degrees cannot be a right triangle because a right triangle must have one angle that measures exactly 90 degrees.\n'}]",Answer: ALL_CORRECT,['FP']
3,3,math,4839+3948-45,The answer is 8739.,[False],[],['8742'],[],"[{'role': 'system', 'content': 'You are a helpful assistant.'}, {'role': 'user', 'content': 'I will show you a question and a list of text segments. All the segments can be concatenated to form a complete answer to the question. Your task is to assess whether each text segment contains errors or not. \nPlease generate using the following format:\nAnswer: List the ids of the segments with errors (separated by commas). Please only output the ids, no more details. If all the segments are correct, output ""ALL_CORRECT"".\n\nHere is one example:\nQuestion: 8923164*7236571?\nSegments: \n1. The product of 8923164 and 7236571 is: 6,461,216,222,844\n2. So, 8923164 multiplied by 7236571 is equal to 6,461,216,222,844.\n\nBelow are your outputs:\nAnswer: 1,2\nIt means segment 1,2 contain errors.\n\nBelow are my inputs:\n\n\nQuestion: 4839+3948-45\nSegments: 1. The answer is 8739.\n'}]",Answer: 1,['TN']
4,4,math,Tell me the answer to 2+4*3-7=?,The answer to 2+4*3-7 is 5.,[False],[],['7'],[],"[{'role': 'system', 'content': 'You are a helpful assistant.'}, {'role': 'user', 'content': 'I will show you a question and a list of text segments. All the segments can be concatenated to form a complete answer to the question. Your task is to assess whether each text segment contains errors or not. \nPlease generate using the following format:\nAnswer: List the ids of the segments with errors (separated by commas). Please only output the ids, no more details. If all the segments are correct, output ""ALL_CORRECT"".\n\nHere is one example:\nQuestion: 8923164*7236571?\nSegments: \n1. The product of 8923164 and 7236571 is: 6,461,216,222,844\n2. So, 8923164 multiplied by 7236571 is equal to 6,461,216,222,844.\n\nBelow are your outputs:\nAnswer: 1,2\nIt means segment 1,2 contain errors.\n\nBelow are my inputs:\n\n\nQuestion: Tell me the answer to 2+4*3-7=?\nSegments: 1. The answer to 2+4*3-7 is 5.\n'}]",Answer: 1,['TN']
5,5,math,What if I re-order it? So 4*3+2-7,"The answer would be 5. 




Here's how to solve it: 




1. First, you would multiply 4 and 3, which equals 12. 
2. Then, you would add 2 to 12, which equals 14. 
3. Finally, you would subtract 7 from 14, which equals 5.","[False, False]",[],"['7', '7']",[],"[{'role': 'system', 'content': 'You are a helpful assistant.'}, {'role': 'user', 'content': 'I will show you a question and a list of text segments. All the segments can be concatenated to form a complete answer to the question. Your task is to assess whether each text segment contains errors or not. \nPlease generate using the following format:\nAnswer: List the ids of the segments with errors (separated by commas). Please only output the ids, no more details. If all the segments are correct, output ""ALL_CORRECT"".\n\nHere is one example:\nQuestion: 8923164*7236571?\nSegments: \n1. The product of 8923164 and 7236571 is: 6,461,216,222,844\n2. So, 8923164 multiplied by 7236571 is equal to 6,461,216,222,844.\n\nBelow are your outputs:\nAnswer: 1,2\nIt means segment 1,2 contain errors.\n\nBelow are my inputs:\n\n\nQuestion: What if I re-order it? So 4*3+2-7\nSegments: 1. The answer would be 5.\n2. Here\'s how to solve it: \n\n\n\n\n1. First, you would multiply 4 and 3, which equals 12. \n\n\n\n\n2. Then, you would add 2 to 12, which equals 14. \n\n\n\n\n3. Finally, you would subtract 7 from 14, which equals 5.\n'}]",Answer: ALL_CORRECT,"['FP', 'FP']"
6,6,math,"Find the 9th term of the arithmetric progression 1,3.5,6,8.5,...","To find the 9th term of the arithmetic progression 1, 3.5, 6, 8.5, ..., we need to first find the common difference (d) between the terms. 




d = 3.5 - 1 = 2.5 




Now we can use the formula for the nth term of an arithmetic progression: 




nth term = a + (n-1)d 




where a is the first term and n is the term number we want to find. 




Plugging in the values we know: 




9th term = 1 + (9-1)2.5 




9th term = 1 + 20 




9th term = 21 




Therefore, the 9th term of the arithmetic progression 1, 3.5, 6, 8.5, ... is 21.","[True, True, True, True, True]",[],"['', '', '', '', '']",[],"[{'role': 'system', 'content': 'You are a helpful assistant.'}, {'role': 'user', 'content': 'I will show you a question and a list of text segments. All the segments can be concatenated to form a complete answer to the question. Your task is to assess whether each text segment contains errors or not. \nPlease generate using the following format:\nAnswer: List the ids of the segments with errors (separated by commas). Please only output the ids, no more details. If all the segments are correct, output ""ALL_CORRECT"".\n\nHere is one example:\nQuestion: 8923164*7236571?\nSegments: \n1. The product of 8923164 and 7236571 is: 6,461,216,222,844\n2. So, 8923164 multiplied by 7236571 is equal to 6,461,216,222,844.\n\nBelow are your outputs:\nAnswer: 1,2\nIt means segment 1,2 contain errors.\n\nBelow are my inputs:\n\n\nQuestion: Find the 9th term of the arithmetric progression 1,3.5,6,8.5,...\nSegments: 1. To find the 9th term of the arithmetic progression 1, 3.5, 6, 8.5, ..., we need to first find the common difference (d) between the terms.\n2. d = 3.5 - 1 = 2.5\n3. Now we can use the formula for the nth term of an arithmetic progression: \n\n\n\n\nnth term = a + (n-1)d \n\n\n\n\nwhere a is the first term and n is the term number we want to find.\n4. Plugging in the values we know: \n\n\n\n\n9th term = 1 + (9-1)2.5 \n\n\n\n\n9th term = 1 + 20 \n\n\n\n\n9th term = 21 \n\n\n\n\n\n5. Therefore, the 9th term of the arithmetic progression 1, 3.5, 6, 8.5, ... is 21.\n'}]",Answer: ALL_CORRECT,"['TP', 'TP', 'TP', 'TP', 'TP']"
7,7,math,How many 9 are there in between 1 and 100?,"There are 20 nines between 1 and 100. They are: 9, 19, 29, 39, 49, 59, 69, 79, 89, and 99.","[False, False]",[],"['10', '']",[],"[{'role': 'system', 'content': 'You are a helpful assistant.'}, {'role': 'user', 'content': 'I will show you a question and a list of text segments. All the segments can be concatenated to form a complete answer to the question. Your task is to assess whether each text segment contains errors or not. \nPlease generate using the following format:\nAnswer: List the ids of the segments with errors (separated by commas). Please only output the ids, no more details. If all the segments are correct, output ""ALL_CORRECT"".\n\nHere is one example:\nQuestion: 8923164*7236571?\nSegments: \n1. The product of 8923164 and 7236571 is: 6,461,216,222,844\n2. So, 8923164 multiplied by 7236571 is equal to 6,461,216,222,844.\n\nBelow are your outputs:\nAnswer: 1,2\nIt means segment 1,2 contain errors.\n\nBelow are my inputs:\n\n\nQuestion: How many 9 are there in between 1 and 100?\nSegments: 1. There are 20 nines between 1 and 100.\n2. They are: 9, 19, 29, 39, 49, 59, 69, 79, 89, and 99.\n'}]",Answer: 1,"['TN', 'FP']"
8,8,math,How many fridays are there from jan 1st until june 30th of 2023?,There are 26 Fridays from January 1st until June 30th of 2023.,[True],[],['count by myself'],[],"[{'role': 'system', 'content': 'You are a helpful assistant.'}, {'role': 'user', 'content': 'I will show you a question and a list of text segments. All the segments can be concatenated to form a complete answer to the question. Your task is to assess whether each text segment contains errors or not. \nPlease generate using the following format:\nAnswer: List the ids of the segments with errors (separated by commas). Please only output the ids, no more details. If all the segments are correct, output ""ALL_CORRECT"".\n\nHere is one example:\nQuestion: 8923164*7236571?\nSegments: \n1. The product of 8923164 and 7236571 is: 6,461,216,222,844\n2. So, 8923164 multiplied by 7236571 is equal to 6,461,216,222,844.\n\nBelow are your outputs:\nAnswer: 1,2\nIt means segment 1,2 contain errors.\n\nBelow are my inputs:\n\n\nQuestion: How many fridays are there from jan 1st until june 30th of 2023?\nSegments: 1. There are 26 Fridays from January 1st until June 30th of 2023.\n'}]",Answer: 1,['FN']
9,9,math,How long would it take to do a 1000*100 yards swim set at a pace of 1:30 per 100 yards?,"Swimming 1000 yards at a pace of 1:30 per 100 yards means you would swim each 100-yard interval in 1 minute and 30 seconds. 




To calculate the total time it would take to swim 1000 yards, you can divide 1000 by 100 to get the number of 100-yard intervals: 




1000 yards / 100 yards = 10 intervals 




Then, you can multiply the time per interval (1:30 or 1.5 minutes) by the number of intervals: 




1.5 minutes x 10 intervals = 15 minutes 




Therefore, it would take approximately 15 minutes to swim 1000 yards at a pace of 1:30 per 100 yards.","[True, True, True, False]",[],"['', '', '', 'but the question asks 1000*100 yards']",[],"[{'role': 'system', 'content': 'You are a helpful assistant.'}, {'role': 'user', 'content': 'I will show you a question and a list of text segments. All the segments can be concatenated to form a complete answer to the question. Your task is to assess whether each text segment contains errors or not. \nPlease generate using the following format:\nAnswer: List the ids of the segments with errors (separated by commas). Please only output the ids, no more details. If all the segments are correct, output ""ALL_CORRECT"".\n\nHere is one example:\nQuestion: 8923164*7236571?\nSegments: \n1. The product of 8923164 and 7236571 is: 6,461,216,222,844\n2. So, 8923164 multiplied by 7236571 is equal to 6,461,216,222,844.\n\nBelow are your outputs:\nAnswer: 1,2\nIt means segment 1,2 contain errors.\n\nBelow are my inputs:\n\n\nQuestion: How long would it take to do a 1000*100 yards swim set at a pace of 1:30 per 100 yards?\nSegments: 1. Swimming 1000 yards at a pace of 1:30 per 100 yards means you would swim each 100-yard interval in 1 minute and 30 seconds.\n2. To calculate the total time it would take to swim 1000 yards, you can divide 1000 by 100 to get the number of 100-yard intervals: \n\n\n\n\n1000 yards / 100 yards = 10 intervals \n\n\n\n\n\n3. Then, you can multiply the time per interval (1:30 or 1.5 minutes) by the number of intervals: \n\n\n\n\n1.5 minutes x 10 intervals = 15 minutes \n\n\n\n\n\n4. Therefore, it would take approximately 15 minutes to swim 1000 yards at a pace of 1:30 per 100 yards.\n'}]","Answer: 2, 3","['TP', 'FN', 'FN', 'FP']"
10,10,math,How long would it take to do a 1000*100 yards swim set at a pace of 1 minute and 30 seconds per 100 yards?,"Swimming 1000 yards at a pace of 1 minute and 30 seconds per 100 yards would take a total of 15 minutes. Therefore, a 1000*100 yards swim set at this pace would take approximately 150 minutes or 2 hours and 30 minutes.","[True, True]",[],"['', '']",[],"[{'role': 'system', 'content': 'You are a helpful assistant.'}, {'role': 'user', 'content': 'I will show you a question and a list of text segments. All the segments can be concatenated to form a complete answer to the question. Your task is to assess whether each text segment contains errors or not. \nPlease generate using the following format:\nAnswer: List the ids of the segments with errors (separated by commas). Please only output the ids, no more details. If all the segments are correct, output ""ALL_CORRECT"".\n\nHere is one example:\nQuestion: 8923164*7236571?\nSegments: \n1. The product of 8923164 and 7236571 is: 6,461,216,222,844\n2. So, 8923164 multiplied by 7236571 is equal to 6,461,216,222,844.\n\nBelow are your outputs:\nAnswer: 1,2\nIt means segment 1,2 contain errors.\n\nBelow are my inputs:\n\n\nQuestion: How long would it take to do a 1000*100 yards swim set at a pace of 1 minute and 30 seconds per 100 yards?\nSegments: 1. Swimming 1000 yards at a pace of 1 minute and 30 seconds per 100 yards would take a total of 15 minutes.\n2. Therefore, a 1000*100 yards swim set at this pace would take approximately 150 minutes or 2 hours and 30 minutes.\n'}]",Answer: 2,"['TP', 'FN']"
11,11,math,(x^3+x^2+x+1)(x-1),"To multiply (x^3+x^2+x+1)(x-1), we can use the distributive property of multiplication. 




First, we distribute x to each term in the first polynomial: 




x(x^3) + x(x^2) + x(x) + x(1) 




Simplifying each term: 




x^4 + x^3 + x^2 + x 




Then, we distribute -1 to each term in the first polynomial: 




-1(x^3) - 1(x^2) - 1(x) - 1 




Simplifying each term: 




-x^3 - x^2 - x - 1 




Now we can combine like terms: 




x^4 + (x^3 - x^3) + (x^2 - x^2) + (x - x) - 1 




Simplifying: 




x^4 - 1 




Therefore, (x^3+x^2+x+1)(x-1) = x^4 - 1.","[True, True, True, True, True, True, True, True]",[],"['', '', '', '', '', '', '', '']",[],"[{'role': 'system', 'content': 'You are a helpful assistant.'}, {'role': 'user', 'content': 'I will show you a question and a list of text segments. All the segments can be concatenated to form a complete answer to the question. Your task is to assess whether each text segment contains errors or not. \nPlease generate using the following format:\nAnswer: List the ids of the segments with errors (separated by commas). Please only output the ids, no more details. If all the segments are correct, output ""ALL_CORRECT"".\n\nHere is one example:\nQuestion: 8923164*7236571?\nSegments: \n1. The product of 8923164 and 7236571 is: 6,461,216,222,844\n2. So, 8923164 multiplied by 7236571 is equal to 6,461,216,222,844.\n\nBelow are your outputs:\nAnswer: 1,2\nIt means segment 1,2 contain errors.\n\nBelow are my inputs:\n\n\nQuestion: (x^3+x^2+x+1)(x-1)\nSegments: 1. To multiply (x^3+x^2+x+1)(x-1), we can use the distributive property of multiplication.\n2. First, we distribute x to each term in the first polynomial: \n\n\n\n\nx(x^3) + x(x^2) + x(x) + x(1) \n\n\n\n\n\n3. Simplifying each term: \n\n\n\n\nx^4 + x^3 + x^2 + x \n\n\n\n\n\n4. Then, we distribute -1 to each term in the first polynomial: \n\n\n\n\n-1(x^3) - 1(x^2) - 1(x) - 1 \n\n\n\n\n\n5. Simplifying each term: \n\n\n\n\n-x^3 - x^2 - x - 1 \n\n\n\n\n\n6. Now we can combine like terms: \n\n\n\n\nx^4 + (x^3 - x^3) + (x^2 - x^2) + (x - x) - 1 \n\n\n\n\n\n7. Simplifying: \n\n\n\n\nx^4 - 1 \n\n\n\n\n\n8. Therefore, (x^3+x^2+x+1)(x-1) = x^4 - 1.\n'}]",Answer: ALL_CORRECT,"['TP', 'TP', 'TP', 'TP', 'TP', 'TP', 'TP', 'TP']"
12,12,math,Is 103 a prime number?,"Yes, 103 is a prime number because it is only divisible by 1 and itself.",[True],[],[''],[],"[{'role': 'system', 'content': 'You are a helpful assistant.'}, {'role': 'user', 'content': 'I will show you a question and a list of text segments. All the segments can be concatenated to form a complete answer to the question. Your task is to assess whether each text segment contains errors or not. \nPlease generate using the following format:\nAnswer: List the ids of the segments with errors (separated by commas). Please only output the ids, no more details. If all the segments are correct, output ""ALL_CORRECT"".\n\nHere is one example:\nQuestion: 8923164*7236571?\nSegments: \n1. The product of 8923164 and 7236571 is: 6,461,216,222,844\n2. So, 8923164 multiplied by 7236571 is equal to 6,461,216,222,844.\n\nBelow are your outputs:\nAnswer: 1,2\nIt means segment 1,2 contain errors.\n\nBelow are my inputs:\n\n\nQuestion: Is 103 a prime number?\nSegments: 1. Yes, 103 is a prime number because it is only divisible by 1 and itself.\n'}]",Answer: ALL_CORRECT,['TP']
13,13,math,Is 1000 bigger than 1062?,"No, 1000 is not bigger than 1062. In fact, 1062 is bigger than 1000. When comparing numbers, we can use the greater than (>) or less than (<) symbols to indicate which number is larger or smaller. In this case, we can say that 1062 > 1000. This means that 1062 is greater than (or larger than) 1000.","[True, True, True, True, True]",[],"['', '', '', '', '']",[],"[{'role': 'system', 'content': 'You are a helpful assistant.'}, {'role': 'user', 'content': 'I will show you a question and a list of text segments. All the segments can be concatenated to form a complete answer to the question. Your task is to assess whether each text segment contains errors or not. \nPlease generate using the following format:\nAnswer: List the ids of the segments with errors (separated by commas). Please only output the ids, no more details. If all the segments are correct, output ""ALL_CORRECT"".\n\nHere is one example:\nQuestion: 8923164*7236571?\nSegments: \n1. The product of 8923164 and 7236571 is: 6,461,216,222,844\n2. So, 8923164 multiplied by 7236571 is equal to 6,461,216,222,844.\n\nBelow are your outputs:\nAnswer: 1,2\nIt means segment 1,2 contain errors.\n\nBelow are my inputs:\n\n\nQuestion: Is 1000 bigger than 1062?\nSegments: 1. No, 1000 is not bigger than 1062.\n2. In fact, 1062 is bigger than 1000.\n3. When comparing numbers, we can use the greater than (>) or less than (<) symbols to indicate which number is larger or smaller.\n4. In this case, we can say that 1062 > 1000.\n5. This means that 1062 is greater than (or larger than) 1000.\n'}]",Answer: 1,"['FN', 'TP', 'TP', 'TP', 'TP']"
14,14,math,"Please give an example of whole numbers a, b, c, and n satisfying: (1) a^n+b^n=c^n, and (2) n>2","This problem is famously known as Fermat's Last Theorem, which states that there are no integers a, b, and c that can satisfy a^n + b^n = c^n for any integer value of n greater than 2. Pierre de Fermat first proposed this conjecture in the seventeenth century and finally was proved by Andrew Wiles in 1995.\n\nTherefore, there are no whole numbers a, b, c, and n satisfying the conditions mentioned in the question.","[True, True, True]",[],"['', '', '']",[],"[{'role': 'system', 'content': 'You are a helpful assistant.'}, {'role': 'user', 'content': 'I will show you a question and a list of text segments. All the segments can be concatenated to form a complete answer to the question. Your task is to assess whether each text segment contains errors or not. \nPlease generate using the following format:\nAnswer: List the ids of the segments with errors (separated by commas). Please only output the ids, no more details. If all the segments are correct, output ""ALL_CORRECT"".\n\nHere is one example:\nQuestion: 8923164*7236571?\nSegments: \n1. The product of 8923164 and 7236571 is: 6,461,216,222,844\n2. So, 8923164 multiplied by 7236571 is equal to 6,461,216,222,844.\n\nBelow are your outputs:\nAnswer: 1,2\nIt means segment 1,2 contain errors.\n\nBelow are my inputs:\n\n\nQuestion: Please give an example of whole numbers a, b, c, and n satisfying: (1) a^n+b^n=c^n, and (2) n>2\nSegments: 1. This problem is famously known as Fermat\'s Last Theorem, which states that there are no integers a, b, and c that can satisfy a^n + b^n = c^n for any integer value of n greater than 2.\n2. Pierre de Fermat first proposed this conjecture in the seventeenth century and finally was proved by Andrew Wiles in 1995.\n3. Therefore, there are no whole numbers a, b, c, and n satisfying the conditions mentioned in the question.\n'}]",Answer: 3,"['TP', 'TP', 'FN']"
15,15,math,"I had five figs in my pocket. One fell out through a hole. One I took out to eat, but decided otherwirse and put it back. How many figs do I have in my pocket now?","Based on the information given, you initially had five figs in your pocket. One of them fell out through a hole, leaving you with four figs. Later, you took out another fig with the intention of eating it, but then decided otherwise and put it back. Therefore, you still have four figs in your pocket. So, the answer is four.","[True, True, True, True, True]",[],"['', '', '', '', '']",[],"[{'role': 'system', 'content': 'You are a helpful assistant.'}, {'role': 'user', 'content': 'I will show you a question and a list of text segments. All the segments can be concatenated to form a complete answer to the question. Your task is to assess whether each text segment contains errors or not. \nPlease generate using the following format:\nAnswer: List the ids of the segments with errors (separated by commas). Please only output the ids, no more details. If all the segments are correct, output ""ALL_CORRECT"".\n\nHere is one example:\nQuestion: 8923164*7236571?\nSegments: \n1. The product of 8923164 and 7236571 is: 6,461,216,222,844\n2. So, 8923164 multiplied by 7236571 is equal to 6,461,216,222,844.\n\nBelow are your outputs:\nAnswer: 1,2\nIt means segment 1,2 contain errors.\n\nBelow are my inputs:\n\n\nQuestion: I had five figs in my pocket. One fell out through a hole. One I took out to eat, but decided otherwirse and put it back. How many figs do I have in my pocket now?\nSegments: 1. Based on the information given, you initially had five figs in your pocket.\n2. One of them fell out through a hole, leaving you with four figs.\n3. Later, you took out another fig with the intention of eating it, but then decided otherwise and put it back.\n4. Therefore, you still have four figs in your pocket.\n5. So, the answer is four.\n'}]",Answer: ALL_CORRECT,"['TP', 'TP', 'TP', 'TP', 'TP']"
16,16,math,A bat and a ball cost $1.10 in total. The bat costs $1.00 more than the ball. How much does the ball cost?,"The ball costs 5 cents. \n\nTo find out, let's use algebra. Let's assume x is the cost of the ball. \n\nAccording to the problem, the bat costs $1.00 more than the ball. That means its cost is x + $1.00. \n\nWe also know that the total cost of the bat and ball together is $1.10. So, we can set up an equation:\n\nx + (x + $1.00) = $1.10\n\nSimplifying the equation: \n\n2x + $1.00 = $1.10 \n\nSubtracting $1.00 from both sides: \n\n2x = $0.10 \n\nDividing both sides by 2: \n\nx = $0.05 \n\nSo the ball costs 5 cents.","[True, True, True, True, True, True, True, True]",[],"['', '', '', '', '', '', '', '']",[],"[{'role': 'system', 'content': 'You are a helpful assistant.'}, {'role': 'user', 'content': 'I will show you a question and a list of text segments. All the segments can be concatenated to form a complete answer to the question. Your task is to assess whether each text segment contains errors or not. \nPlease generate using the following format:\nAnswer: List the ids of the segments with errors (separated by commas). Please only output the ids, no more details. If all the segments are correct, output ""ALL_CORRECT"".\n\nHere is one example:\nQuestion: 8923164*7236571?\nSegments: \n1. The product of 8923164 and 7236571 is: 6,461,216,222,844\n2. So, 8923164 multiplied by 7236571 is equal to 6,461,216,222,844.\n\nBelow are your outputs:\nAnswer: 1,2\nIt means segment 1,2 contain errors.\n\nBelow are my inputs:\n\n\nQuestion: A bat and a ball cost $1.10 in total. The bat costs $1.00 more than the ball. How much does the ball cost?\nSegments: 1. The ball costs 5 cents. \n2. To find out, let\'s use algebra. Let\'s assume x is the cost of the ball. \n3. According to the problem, the bat costs $1.00 more than the ball. That means its cost is x + $1.00. \n4. We also know that the total cost of the bat and ball together is $1.10. So, we can set up an equation:\\n\\nx + (x + $1.00) = $1.10\\n\\n\n5. Simplifying the equation: \\n\\n2x + $1.00 = $1.10 \\n\\n\n6. Subtracting $1.00 from both sides: \\n\\n2x = $0.10 \\n\\n\n7. Dividing both sides by 2: \\n\\nx = $0.05 \\n\\n\n8. So the ball costs 5 cents.\n'}]",Answer: ALL_CORRECT,"['TP', 'TP', 'TP', 'TP', 'TP', 'TP', 'TP', 'TP']"
17,17,math,-1*-1*-1=,"The product of three negative numbers can be determined using the rule that states that two negative numbers multiplied together result in a positive number. When this rule is applied to the expression -1*-1*-1, it can be rewritten as (-1*-1)*-1, which becomes 1*-1, or simply -1.\n\nTherefore, -1*-1*-1 equals -1.","[True, True, True]",[],"['', '', '']",[],"[{'role': 'system', 'content': 'You are a helpful assistant.'}, {'role': 'user', 'content': 'I will show you a question and a list of text segments. All the segments can be concatenated to form a complete answer to the question. Your task is to assess whether each text segment contains errors or not. \nPlease generate using the following format:\nAnswer: List the ids of the segments with errors (separated by commas). Please only output the ids, no more details. If all the segments are correct, output ""ALL_CORRECT"".\n\nHere is one example:\nQuestion: 8923164*7236571?\nSegments: \n1. The product of 8923164 and 7236571 is: 6,461,216,222,844\n2. So, 8923164 multiplied by 7236571 is equal to 6,461,216,222,844.\n\nBelow are your outputs:\nAnswer: 1,2\nIt means segment 1,2 contain errors.\n\nBelow are my inputs:\n\n\nQuestion: -1*-1*-1=\nSegments: 1. The product of three negative numbers can be determined using the rule that states that two negative numbers multiplied together result in a positive number.\n2. When this rule is applied to the expression -1*-1*-1, it can be rewritten as (-1*-1)*-1, which becomes 1*-1, or simply -1.\n3. Therefore, -1*-1*-1 equals -1.\n'}]",Answer: ALL_CORRECT,"['TP', 'TP', 'TP']"
18,18,math,"Are there any pairs of integars {a,b} that are prime factors of 30 that differ by exactly 3?","To answer this question, we first need to identify the prime factors of 30, which are 2, 3, and 5. We can then consider all possible pairs of these factors and check if any of them differ by exactly 3.\n\nPossible pairs of prime factors of 30 are:\n\n- {2,3}: These two numbers differ by 1, not 3.\n- {2,5}: These two numbers differ by 3, but 5 is not a prime factor of 30 (it is a factor, but not a prime one).\n- {3,5}: These two numbers differ by 2, not 3.\n\nTherefore, there are no pairs of integers {a,b} that are prime factors of 30 and differ by exactly 3.","[True, False, False]",[],"['', '5 is prime factor', '']",[],"[{'role': 'system', 'content': 'You are a helpful assistant.'}, {'role': 'user', 'content': 'I will show you a question and a list of text segments. All the segments can be concatenated to form a complete answer to the question. Your task is to assess whether each text segment contains errors or not. \nPlease generate using the following format:\nAnswer: List the ids of the segments with errors (separated by commas). Please only output the ids, no more details. If all the segments are correct, output ""ALL_CORRECT"".\n\nHere is one example:\nQuestion: 8923164*7236571?\nSegments: \n1. The product of 8923164 and 7236571 is: 6,461,216,222,844\n2. So, 8923164 multiplied by 7236571 is equal to 6,461,216,222,844.\n\nBelow are your outputs:\nAnswer: 1,2\nIt means segment 1,2 contain errors.\n\nBelow are my inputs:\n\n\nQuestion: Are there any pairs of integars {a,b} that are prime factors of 30 that differ by exactly 3?\nSegments: 1. To answer this question, we first need to identify the prime factors of 30, which are 2, 3, and 5.\n2. We can then consider all possible pairs of these factors and check if any of them differ by exactly 3.\n\n\n\n\nPossible pairs of prime factors of 30 are:\n\n\n\n\n- {2,3}: These two numbers differ by 1, not 3.\n- {2,5}: These two numbers differ by 3, but 5 is not a prime factor of 30 (it is a factor, but not a prime one).\n- {3,5}: These two numbers differ by 2, not 3.\n\n\n\n\n\n3. Therefore, there are no pairs of integers {a,b} that are prime factors of 30 and differ by exactly 3.\n'}]",Answer: ALL_CORRECT,"['TP', 'FP', 'FP']"
19,19,math,What is the value of sin60°cos30°+cos60°sin30°?,"The value of sin60°cos30°+cos60°sin30° is equal to sin(60°+30°), which is sin90°. The value of sin90° is 1. Therefore, the answer is 1.","[True, True, True]",[],"['', '', '']",[],"[{'role': 'system', 'content': 'You are a helpful assistant.'}, {'role': 'user', 'content': 'I will show you a question and a list of text segments. All the segments can be concatenated to form a complete answer to the question. Your task is to assess whether each text segment contains errors or not. \nPlease generate using the following format:\nAnswer: List the ids of the segments with errors (separated by commas). Please only output the ids, no more details. If all the segments are correct, output ""ALL_CORRECT"".\n\nHere is one example:\nQuestion: 8923164*7236571?\nSegments: \n1. The product of 8923164 and 7236571 is: 6,461,216,222,844\n2. So, 8923164 multiplied by 7236571 is equal to 6,461,216,222,844.\n\nBelow are your outputs:\nAnswer: 1,2\nIt means segment 1,2 contain errors.\n\nBelow are my inputs:\n\n\nQuestion: What is the value of sin60°cos30°+cos60°sin30°?\nSegments: 1. The value of sin60°cos30°+cos60°sin30° is equal to sin(60°+30°), which is sin90°.\n2. The value of sin90° is 1.\n3. Therefore, the answer is 1.\n'}]",Answer: 1,"['FN', 'TP', 'TP']"
20,20,math,How do I express 15:12 in the form 1:n?,"To express 15:12 in the form 1:n, you need to find a common factor between 15 and 12. The greatest common factor between 15 and 12 is 3. 




So, you can divide both 15 and 12 by 3 to get 5 and 4 respectively. 




Therefore, 15:12 can be expressed as 1 1/4 or 1.25 in decimal form.","[True, True, True, False]",[],"['', '', '', 'wrong expression, should be 1:0.8']",[],"[{'role': 'system', 'content': 'You are a helpful assistant.'}, {'role': 'user', 'content': 'I will show you a question and a list of text segments. All the segments can be concatenated to form a complete answer to the question. Your task is to assess whether each text segment contains errors or not. \nPlease generate using the following format:\nAnswer: List the ids of the segments with errors (separated by commas). Please only output the ids, no more details. If all the segments are correct, output ""ALL_CORRECT"".\n\nHere is one example:\nQuestion: 8923164*7236571?\nSegments: \n1. The product of 8923164 and 7236571 is: 6,461,216,222,844\n2. So, 8923164 multiplied by 7236571 is equal to 6,461,216,222,844.\n\nBelow are your outputs:\nAnswer: 1,2\nIt means segment 1,2 contain errors.\n\nBelow are my inputs:\n\n\nQuestion: How do I express 15:12 in the form 1:n?\nSegments: 1. To express 15:12 in the form 1:n, you need to find a common factor between 15 and 12.\n2. The greatest common factor between 15 and 12 is 3. \n\n\n\n\n\n3. So, you can divide both 15 and 12 by 3 to get 5 and 4 respectively. \n\n\n\n\n\n4. Therefore, 15:12 can be expressed as 1 1/4 or 1.25 in decimal form.\n'}]",Answer: 4,"['TP', 'TP', 'TP', 'TN']"
21,21,math,What is 18+-2(7-3) ÷10×-1?,"To solve this expression, we need to follow the order of operations (PEMDAS). 




First, we need to simplify the expression inside the parentheses: 




7-3 = 4 




Next, we need to simplify the expression inside the brackets: 




-2(4) = -8 




Now, we can simplify the expression inside the division: 




-8 ÷ 10 = -0.8 




Finally, we can simplify the expression inside the multiplication: 




-0.8 × -1 = 0.8 




Now, we can substitute the simplified values back into the original expression: 




18 + 0.8 = 18.8 




Therefore, the answer is 18.8.","[True, True, True, True, True, True, True]",[],"['', '', '', '', '', '', '']",[],"[{'role': 'system', 'content': 'You are a helpful assistant.'}, {'role': 'user', 'content': 'I will show you a question and a list of text segments. All the segments can be concatenated to form a complete answer to the question. Your task is to assess whether each text segment contains errors or not. \nPlease generate using the following format:\nAnswer: List the ids of the segments with errors (separated by commas). Please only output the ids, no more details. If all the segments are correct, output ""ALL_CORRECT"".\n\nHere is one example:\nQuestion: 8923164*7236571?\nSegments: \n1. The product of 8923164 and 7236571 is: 6,461,216,222,844\n2. So, 8923164 multiplied by 7236571 is equal to 6,461,216,222,844.\n\nBelow are your outputs:\nAnswer: 1,2\nIt means segment 1,2 contain errors.\n\nBelow are my inputs:\n\n\nQuestion: What is 18+-2(7-3) ÷10×-1?\nSegments: 1. To solve this expression, we need to follow the order of operations (PEMDAS). \n2. First, we need to simplify the expression inside the parentheses: \n\n\n\n\n7-3 = 4 \n\n\n\n\n\n3. Next, we need to simplify the expression inside the brackets: \n\n\n\n\n-2(4) = -8 \n\n\n\n\n\n4. Now, we can simplify the expression inside the division: \n\n\n\n\n-8 ÷ 10 = -0.8 \n\n\n\n\n\n5. Finally, we can simplify the expression inside the multiplication: \n\n\n\n\n-0.8 × -1 = 0.8 \n\n\n\n\n\n6. Now, we can substitute the simplified values back into the original expression: \n\n\n\n\n18 + 0.8 = 18.8 \n\n\n\n\n\n7. Therefore, the answer is 18.8.\n'}]",Answer: ALL_CORRECT,"['TP', 'TP', 'TP', 'TP', 'TP', 'TP', 'TP']"
22,22,math,How many digits are in the number 2^1000?,"To find the number of digits in 2^1000, we need to calculate the value of 2^1000 first. 




We can use logarithmic properties to simplify the calculation. 




2^1000 = 10^(1000*log10(2))




Using a calculator, we can find that log10(2) is approximately 0.30103. 




2^1000 = 10^(1000*0.30103) = 10^301.03




Since 10^301 has 302 digits, and 10^0.03 is less than 1, we can conclude that 2^1000 has 301 digits. 




Therefore, the answer is 301.","[True, True, True, True, True, False, False]",[],"['', '', '', '', '', '10^0.03 is larger than 1', '302']",[],"[{'role': 'system', 'content': 'You are a helpful assistant.'}, {'role': 'user', 'content': 'I will show you a question and a list of text segments. All the segments can be concatenated to form a complete answer to the question. Your task is to assess whether each text segment contains errors or not. \nPlease generate using the following format:\nAnswer: List the ids of the segments with errors (separated by commas). Please only output the ids, no more details. If all the segments are correct, output ""ALL_CORRECT"".\n\nHere is one example:\nQuestion: 8923164*7236571?\nSegments: \n1. The product of 8923164 and 7236571 is: 6,461,216,222,844\n2. So, 8923164 multiplied by 7236571 is equal to 6,461,216,222,844.\n\nBelow are your outputs:\nAnswer: 1,2\nIt means segment 1,2 contain errors.\n\nBelow are my inputs:\n\n\nQuestion: How many digits are in the number 2^1000?\nSegments: 1. To find the number of digits in 2^1000, we need to calculate the value of 2^1000 first.\n2. We can use logarithmic properties to simplify the calculation.\n3. log10(2))\n4. Using a calculator, we can find that log10(2) is approximately 0.30103.\n5. \n6. Since 10^301 has 302 digits, and 10^0.03 is less than 1, we can conclude that 2^1000 has 301 digits.\n7. Therefore, the answer is 301.\n'}]",Answer: 3,"['TP', 'TP', 'FN', 'TP', 'TP', 'FP', 'FP']"
23,23,math,The sum of three consecutive numbers is 24. What are the numbers?,"Let's call the first number ""x"". Then the next two consecutive numbers would be ""x+1"" and ""x+2"". 




According to the problem, the sum of these three numbers is 24: 




x + (x+1) + (x+2) = 24 




Simplifying the equation: 




3x + 3 = 24 




Subtracting 3 from both sides: 




3x = 21 




Dividing both sides by 3: 




x = 7 




So the first number is 7. The next two consecutive numbers are 8 and 9. 




Therefore, the three consecutive numbers are 7, 8, and 9.","[True, True, True, True, True, True, True, True]",[],"['', '', '', '', '', '', '', '']",[],"[{'role': 'system', 'content': 'You are a helpful assistant.'}, {'role': 'user', 'content': 'I will show you a question and a list of text segments. All the segments can be concatenated to form a complete answer to the question. Your task is to assess whether each text segment contains errors or not. \nPlease generate using the following format:\nAnswer: List the ids of the segments with errors (separated by commas). Please only output the ids, no more details. If all the segments are correct, output ""ALL_CORRECT"".\n\nHere is one example:\nQuestion: 8923164*7236571?\nSegments: \n1. The product of 8923164 and 7236571 is: 6,461,216,222,844\n2. So, 8923164 multiplied by 7236571 is equal to 6,461,216,222,844.\n\nBelow are your outputs:\nAnswer: 1,2\nIt means segment 1,2 contain errors.\n\nBelow are my inputs:\n\n\nQuestion: The sum of three consecutive numbers is 24. What are the numbers?\nSegments: 1. Let\'s call the first number ""x"".\n2. Then the next two consecutive numbers would be ""x+1"" and ""x+2"".\n3. According to the problem, the sum of these three numbers is 24: \n\n\n\n\nx + (x+1) + (x+2) = 24 \n\n\n\n\n\n4. Simplifying the equation: \n\n\n\n\n3x + 3 = 24 \n\n\n\n\n\n5. Subtracting 3 from both sides: \n\n\n\n\n3x = 21 \n\n\n\n\n\n6. Dividing both sides by 3: \n\n\n\n\nx = 7 \n\n\n\n\n\n7. So the first number is 7. The next two consecutive numbers are 8 and 9. \n\n\n\n\n\n8. Therefore, the three consecutive numbers are 7, 8, and 9.\n'}]",Answer: ALL_CORRECT,"['TP', 'TP', 'TP', 'TP', 'TP', 'TP', 'TP', 'TP']"
24,24,math,What is 1 3/4 cup + 1 3/4 cup?,1 3/4 cup + 1 3/4 cup = 3 1/2 cups.,[True],[],[''],[],"[{'role': 'system', 'content': 'You are a helpful assistant.'}, {'role': 'user', 'content': 'I will show you a question and a list of text segments. All the segments can be concatenated to form a complete answer to the question. Your task is to assess whether each text segment contains errors or not. \nPlease generate using the following format:\nAnswer: List the ids of the segments with errors (separated by commas). Please only output the ids, no more details. If all the segments are correct, output ""ALL_CORRECT"".\n\nHere is one example:\nQuestion: 8923164*7236571?\nSegments: \n1. The product of 8923164 and 7236571 is: 6,461,216,222,844\n2. So, 8923164 multiplied by 7236571 is equal to 6,461,216,222,844.\n\nBelow are your outputs:\nAnswer: 1,2\nIt means segment 1,2 contain errors.\n\nBelow are my inputs:\n\n\nQuestion: What is 1 3/4 cup + 1 3/4 cup?\nSegments: 1. cup + 1 3/4 cup = 3 1/2 cups.\n'}]",Answer: 1,['FN']
25,25,math,What is 10-10×10+10?,"The answer to 10-10×10+10 is -90. 




To solve this expression, we need to follow the order of operations, which is Parentheses, Exponents, Multiplication and Division (from left to right), and Addition and Subtraction (from left to right). 




In this case, there are no parentheses or exponents, so we move on to multiplication and division. We have 10 multiplied by 10, which equals 100. 




Then, we have subtraction and addition. We have 10 minus 100, which equals -90. Finally, we add 10 to -90, which still equals -90.","[False, False, False, False]",[],"['-80', '', '', '']",[],"[{'role': 'system', 'content': 'You are a helpful assistant.'}, {'role': 'user', 'content': 'I will show you a question and a list of text segments. All the segments can be concatenated to form a complete answer to the question. Your task is to assess whether each text segment contains errors or not. \nPlease generate using the following format:\nAnswer: List the ids of the segments with errors (separated by commas). Please only output the ids, no more details. If all the segments are correct, output ""ALL_CORRECT"".\n\nHere is one example:\nQuestion: 8923164*7236571?\nSegments: \n1. The product of 8923164 and 7236571 is: 6,461,216,222,844\n2. So, 8923164 multiplied by 7236571 is equal to 6,461,216,222,844.\n\nBelow are your outputs:\nAnswer: 1,2\nIt means segment 1,2 contain errors.\n\nBelow are my inputs:\n\n\nQuestion: What is 10-10×10+10?\nSegments: 1. The answer to 10-10×10+10 is -90.\n2. To solve this expression, we need to follow the order of operations, which is Parentheses, Exponents, Multiplication and Division (from left to right), and Addition and Subtraction (from left to right). \n\n\n\n\n\n3. In this case, there are no parentheses or exponents, so we move on to multiplication and division. We have 10 multiplied by 10, which equals 100. \n\n\n\n\n\n4. Then, we have subtraction and addition. We have 10 minus 100, which equals -90. Finally, we add 10 to -90, which still equals -90.\n'}]","Answer: 1,3,4","['TN', 'FP', 'TN', 'TN']"
26,26,math,Which is bigger 6 times 3 plus 2 or 6 plus 3 times 2?,"To solve this problem, we need to follow the order of operations, which is also known as PEMDAS (Parentheses, Exponents, Multiplication and Division, Addition and Subtraction). 




6 times 3 plus 2 = (6 x 3) + 2 = 18 + 2 = 20 




6 plus 3 times 2 = 6 + (3 x 2) = 6 + 6 = 12 




Therefore, 6 times 3 plus 2 is bigger than 6 plus 3 times 2.","[True, True, True, True]",[],"['', '', '', '']",[],"[{'role': 'system', 'content': 'You are a helpful assistant.'}, {'role': 'user', 'content': 'I will show you a question and a list of text segments. All the segments can be concatenated to form a complete answer to the question. Your task is to assess whether each text segment contains errors or not. \nPlease generate using the following format:\nAnswer: List the ids of the segments with errors (separated by commas). Please only output the ids, no more details. If all the segments are correct, output ""ALL_CORRECT"".\n\nHere is one example:\nQuestion: 8923164*7236571?\nSegments: \n1. The product of 8923164 and 7236571 is: 6,461,216,222,844\n2. So, 8923164 multiplied by 7236571 is equal to 6,461,216,222,844.\n\nBelow are your outputs:\nAnswer: 1,2\nIt means segment 1,2 contain errors.\n\nBelow are my inputs:\n\n\nQuestion: Which is bigger 6 times 3 plus 2 or 6 plus 3 times 2?\nSegments: 1. To solve this problem, we need to follow the order of operations, which is also known as PEMDAS (Parentheses, Exponents, Multiplication and Division, Addition and Subtraction). \n2. times 3 plus 2 = (6 x 3) + 2 = 18 + 2 = 20 \n3. plus 3 times 2 = 6 + (3 x 2) = 6 + 6 = 12 \n4. Therefore, 6 times 3 plus 2 is bigger than 6 plus 3 times 2.\n'}]",Answer: ALL_CORRECT,"['TP', 'TP', 'TP', 'TP']"
27,27,math,"What permutation of the letters A, B and C has C immediately following A, and B before C?",The permutation that satisfies these conditions is: ABC.,[False],[],['the permutation is BAC'],[],"[{'role': 'system', 'content': 'You are a helpful assistant.'}, {'role': 'user', 'content': 'I will show you a question and a list of text segments. All the segments can be concatenated to form a complete answer to the question. Your task is to assess whether each text segment contains errors or not. \nPlease generate using the following format:\nAnswer: List the ids of the segments with errors (separated by commas). Please only output the ids, no more details. If all the segments are correct, output ""ALL_CORRECT"".\n\nHere is one example:\nQuestion: 8923164*7236571?\nSegments: \n1. The product of 8923164 and 7236571 is: 6,461,216,222,844\n2. So, 8923164 multiplied by 7236571 is equal to 6,461,216,222,844.\n\nBelow are your outputs:\nAnswer: 1,2\nIt means segment 1,2 contain errors.\n\nBelow are my inputs:\n\n\nQuestion: What permutation of the letters A, B and C has C immediately following A, and B before C?\nSegments: 1. The permutation that satisfies these conditions is: ABC.\n'}]",Answer: ALL_CORRECT,['FP']
28,28,math,How can we make 5 + 3 = 9?,"We cannot make 5 + 3 = 9 because 5 + 3 already equals 8. However, we can make 4 + 5 = 9 by adding 4 and 5 together.","[True, True]",[],"['', '']",[],"[{'role': 'system', 'content': 'You are a helpful assistant.'}, {'role': 'user', 'content': 'I will show you a question and a list of text segments. All the segments can be concatenated to form a complete answer to the question. Your task is to assess whether each text segment contains errors or not. \nPlease generate using the following format:\nAnswer: List the ids of the segments with errors (separated by commas). Please only output the ids, no more details. If all the segments are correct, output ""ALL_CORRECT"".\n\nHere is one example:\nQuestion: 8923164*7236571?\nSegments: \n1. The product of 8923164 and 7236571 is: 6,461,216,222,844\n2. So, 8923164 multiplied by 7236571 is equal to 6,461,216,222,844.\n\nBelow are your outputs:\nAnswer: 1,2\nIt means segment 1,2 contain errors.\n\nBelow are my inputs:\n\n\nQuestion: How can we make 5 + 3 = 9?\nSegments: 1. We cannot make 5 + 3 = 9 because 5 + 3 already equals 8.\n2. However, we can make 4 + 5 = 9 by adding 4 and 5 together.\n'}]",Answer: 1,"['FN', 'TP']"
29,29,math,"If you multiply a number by 7 then divide by 14, add 7, and then subtract by 5, the result is 7. What is the original number?","Let's work backwards to find the original number:




Starting with the result of 7, we add 5 to get 12.




Next, we subtract 7 to get 5.




Then, we multiply by 14 to get 70.




Finally, we divide by 7 to get the original number, which is 10.




Therefore, the original number is 10.","[True, True, True, True, True, True]",[],"['', '', '', '', '', '']",[],"[{'role': 'system', 'content': 'You are a helpful assistant.'}, {'role': 'user', 'content': 'I will show you a question and a list of text segments. All the segments can be concatenated to form a complete answer to the question. Your task is to assess whether each text segment contains errors or not. \nPlease generate using the following format:\nAnswer: List the ids of the segments with errors (separated by commas). Please only output the ids, no more details. If all the segments are correct, output ""ALL_CORRECT"".\n\nHere is one example:\nQuestion: 8923164*7236571?\nSegments: \n1. The product of 8923164 and 7236571 is: 6,461,216,222,844\n2. So, 8923164 multiplied by 7236571 is equal to 6,461,216,222,844.\n\nBelow are your outputs:\nAnswer: 1,2\nIt means segment 1,2 contain errors.\n\nBelow are my inputs:\n\n\nQuestion: If you multiply a number by 7 then divide by 14, add 7, and then subtract by 5, the result is 7. What is the original number?\nSegments: 1. Let\'s work backwards to find the original number:\n\n\n\n\n\n2. Starting with the result of 7, we add 5 to get 12.\n\n\n\n\n\n3. Next, we subtract 7 to get 5.\n\n\n\n\n\n4. Then, we multiply by 14 to get 70.\n\n\n\n\n\n5. Finally, we divide by 7 to get the original number, which is 10.\n\n\n\n\n\n6. Therefore, the original number is 10.\n'}]",Answer: 4,"['TP', 'TP', 'TP', 'FN', 'TP', 'TP']"
30,30,math,What's the product of the following number: 97/117/0.6534725/0.27613576234/0.6734576,The product of the given numbers is approximately 0.000191.,[False],[],['6.822218778977023'],[],"[{'role': 'system', 'content': 'You are a helpful assistant.'}, {'role': 'user', 'content': 'I will show you a question and a list of text segments. All the segments can be concatenated to form a complete answer to the question. Your task is to assess whether each text segment contains errors or not. \nPlease generate using the following format:\nAnswer: List the ids of the segments with errors (separated by commas). Please only output the ids, no more details. If all the segments are correct, output ""ALL_CORRECT"".\n\nHere is one example:\nQuestion: 8923164*7236571?\nSegments: \n1. The product of 8923164 and 7236571 is: 6,461,216,222,844\n2. So, 8923164 multiplied by 7236571 is equal to 6,461,216,222,844.\n\nBelow are your outputs:\nAnswer: 1,2\nIt means segment 1,2 contain errors.\n\nBelow are my inputs:\n\n\nQuestion: What\'s the product of the following number: 97/117/0.6534725/0.27613576234/0.6734576\nSegments: 1. The product of the given numbers is approximately 0.000191.\n'}]",Answer: 1,['TN']
31,31,math,What is the value of the definite integral of e^(x^2) dx from -infinity to infinity?,"The value of the definite integral of e^(x^2) dx from -infinity to infinity is equal to the square root of pi, denoted as √π. This is a well-known result in calculus and is called the Gaussian integral.","[False, False]",[],"['definite integral of e^(-x^2) dx from -infinity to infinity is sqrt pi', '']",[],"[{'role': 'system', 'content': 'You are a helpful assistant.'}, {'role': 'user', 'content': 'I will show you a question and a list of text segments. All the segments can be concatenated to form a complete answer to the question. Your task is to assess whether each text segment contains errors or not. \nPlease generate using the following format:\nAnswer: List the ids of the segments with errors (separated by commas). Please only output the ids, no more details. If all the segments are correct, output ""ALL_CORRECT"".\n\nHere is one example:\nQuestion: 8923164*7236571?\nSegments: \n1. The product of 8923164 and 7236571 is: 6,461,216,222,844\n2. So, 8923164 multiplied by 7236571 is equal to 6,461,216,222,844.\n\nBelow are your outputs:\nAnswer: 1,2\nIt means segment 1,2 contain errors.\n\nBelow are my inputs:\n\n\nQuestion: What is the value of the definite integral of e^(x^2) dx from -infinity to infinity?\nSegments: 1. The value of the definite integral of e^(x^2) dx from -infinity to infinity is equal to the square root of pi, denoted as √π.\n2. This is a well-known result in calculus and is called the Gaussian integral.\n'}]",Answer: ALL_CORRECT,"['FP', 'FP']"
32,32,math,What is the value of the infinite series 1 + 1/2! + 1/3! + 1/4! + ...?,"The value of the infinite series 1 + 1/2! + 1/3! + 1/4! + ... is e (Euler's number), which is approximately 2.71828.",[False],[],"['wrong, should start with 1/0! + 1/1! + ...']",[],"[{'role': 'system', 'content': 'You are a helpful assistant.'}, {'role': 'user', 'content': 'I will show you a question and a list of text segments. All the segments can be concatenated to form a complete answer to the question. Your task is to assess whether each text segment contains errors or not. \nPlease generate using the following format:\nAnswer: List the ids of the segments with errors (separated by commas). Please only output the ids, no more details. If all the segments are correct, output ""ALL_CORRECT"".\n\nHere is one example:\nQuestion: 8923164*7236571?\nSegments: \n1. The product of 8923164 and 7236571 is: 6,461,216,222,844\n2. So, 8923164 multiplied by 7236571 is equal to 6,461,216,222,844.\n\nBelow are your outputs:\nAnswer: 1,2\nIt means segment 1,2 contain errors.\n\nBelow are my inputs:\n\n\nQuestion: What is the value of the infinite series 1 + 1/2! + 1/3! + 1/4! + ...?\nSegments: 1. The value of the infinite series 1 + 1/2! + 1/3! + 1/4! + ... is e (Euler\'s number), which is approximately 2.71828.\n'}]",Answer: ALL_CORRECT,['FP']
33,33,math,What is the derivative of the function f(x) = x^x?,"The derivative of the function f(x) = x^x is:




f'(x) = x^x * (ln(x) + 1)




where ln(x) is the natural logarithm of x.","[True, True]",[],"['', '']",[],"[{'role': 'system', 'content': 'You are a helpful assistant.'}, {'role': 'user', 'content': 'I will show you a question and a list of text segments. All the segments can be concatenated to form a complete answer to the question. Your task is to assess whether each text segment contains errors or not. \nPlease generate using the following format:\nAnswer: List the ids of the segments with errors (separated by commas). Please only output the ids, no more details. If all the segments are correct, output ""ALL_CORRECT"".\n\nHere is one example:\nQuestion: 8923164*7236571?\nSegments: \n1. The product of 8923164 and 7236571 is: 6,461,216,222,844\n2. So, 8923164 multiplied by 7236571 is equal to 6,461,216,222,844.\n\nBelow are your outputs:\nAnswer: 1,2\nIt means segment 1,2 contain errors.\n\nBelow are my inputs:\n\n\nQuestion: What is the derivative of the function f(x) = x^x?\nSegments: 1. The derivative of the function f(x) = x^x is:\n\n\n\n\nf\'(x) = x^x * (ln(x) + 1)\n\n\n\n\n\n2. where ln(x) is the natural logarithm of x.\n'}]",Answer: ALL_CORRECT,"['TP', 'TP']"
34,34,math,"What is the smallest positive integer that cannot be expressed as the sum of 7s, 11s, and 13s?","This is a classic problem in number theory known as the Frobenius coin problem or the coin problem of Frobenius. The formula for the smallest integer that cannot be expressed as the sum of two relatively prime integers a and b is ab - a - b. In this case, the integers 7, 11, and 13 are pairwise relatively prime, so we can apply this formula to find the smallest integer that cannot be expressed as a sum of 7s, 11s, and 13s.




Using the formula, we get:




7 x 11 - 7 - 11 = 59




So the smallest positive integer that cannot be expressed as the sum of 7s, 11s, and 13s is 59.","[False, False, False, False]",[],"['', '', '', '']",[],"[{'role': 'system', 'content': 'You are a helpful assistant.'}, {'role': 'user', 'content': 'I will show you a question and a list of text segments. All the segments can be concatenated to form a complete answer to the question. Your task is to assess whether each text segment contains errors or not. \nPlease generate using the following format:\nAnswer: List the ids of the segments with errors (separated by commas). Please only output the ids, no more details. If all the segments are correct, output ""ALL_CORRECT"".\n\nHere is one example:\nQuestion: 8923164*7236571?\nSegments: \n1. The product of 8923164 and 7236571 is: 6,461,216,222,844\n2. So, 8923164 multiplied by 7236571 is equal to 6,461,216,222,844.\n\nBelow are your outputs:\nAnswer: 1,2\nIt means segment 1,2 contain errors.\n\nBelow are my inputs:\n\n\nQuestion: What is the smallest positive integer that cannot be expressed as the sum of 7s, 11s, and 13s?\nSegments: 1. This is a classic problem in number theory known as the Frobenius coin problem or the coin problem of Frobenius.\n2. The formula for the smallest integer that cannot be expressed as the sum of two relatively prime integers a and b is ab - a - b.\n3. In this case, the integers 7, 11, and 13 are pairwise relatively prime, so we can apply this formula to find the smallest integer that cannot be expressed as a sum of 7s, 11s, and 13s.\n\n\n\n\nUsing the formula, we get:\n\n\n\n\n7 x 11 - 7 - 11 = 59\n\n\n\n\n\n4. So the smallest positive integer that cannot be expressed as the sum of 7s, 11s, and 13s is 59.\n'}]",Answer: ALL_CORRECT,"['FP', 'FP', 'FP', 'FP']"
35,35,math,What is the largest possible value of the product of two positive integers whose sum is 2023?,"Let's call the two positive integers x and y. We know that their sum is 2023, so we can write an equation:




x + y = 2023




We want to maximize the product xy. One way to do this is to use the AM-GM inequality, which states that the arithmetic mean of a set of non-negative numbers is greater than or equal to the geometric mean of the same set of numbers. In other words:




(x + y)/2 ≥ √(xy)




We can rearrange this inequality to get:




xy ≤ ((x + y)/2)²




Substituting 2023 for x + y, we get:




xy ≤ (2023/2)²




xy ≤ 1024164.25




Since x and y are positive integers, the largest possible value of xy is 1024164, which occurs when x and y are as close to each other as possible. In this case, x = 1012 and y = 1011.","[True, True, True, True, True, True, False, False]",[],"['', '', '', '', '', '', 'can not reach 1024164', '1023132']",[],"[{'role': 'system', 'content': 'You are a helpful assistant.'}, {'role': 'user', 'content': 'I will show you a question and a list of text segments. All the segments can be concatenated to form a complete answer to the question. Your task is to assess whether each text segment contains errors or not. \nPlease generate using the following format:\nAnswer: List the ids of the segments with errors (separated by commas). Please only output the ids, no more details. If all the segments are correct, output ""ALL_CORRECT"".\n\nHere is one example:\nQuestion: 8923164*7236571?\nSegments: \n1. The product of 8923164 and 7236571 is: 6,461,216,222,844\n2. So, 8923164 multiplied by 7236571 is equal to 6,461,216,222,844.\n\nBelow are your outputs:\nAnswer: 1,2\nIt means segment 1,2 contain errors.\n\nBelow are my inputs:\n\n\nQuestion: What is the largest possible value of the product of two positive integers whose sum is 2023?\nSegments: 1. Let\'s call the two positive integers x and y.\n2. We know that their sum is 2023, so we can write an equation:\n\n\n\n\nx + y = 2023\n\n\n\n\n\n3. We want to maximize the product xy.\n4. One way to do this is to use the AM-GM inequality, which states that the arithmetic mean of a set of non-negative numbers is greater than or equal to the geometric mean of the same set of numbers. In other words:\n\n\n\n\n(x + y)/2 ≥ √(xy)\n\n\n\n\n\n5. We can rearrange this inequality to get:\n\n\n\n\nxy ≤ ((x + y)/2)²\n\n\n\n\n\n6. Substituting 2023 for x + y, we get:\n\n\n\n\nxy ≤ (2023/2)²\n\n\n\n\nxy ≤ 1024164.25\n\n\n\n\n\n7. Since x and y are positive integers, the largest possible value of xy is 1024164, which occurs when x and y are as close to each other as possible.\n8. In this case, x = 1012 and y = 1011.\n'}]",Answer: ALL_CORRECT,"['TP', 'TP', 'TP', 'TP', 'TP', 'TP', 'FP', 'FP']"
36,36,math,What is the value of the expression 2^(2^2^2) - 2^(2^2)?,"The value of the expression is:




2^(2^2^2) - 2^(2^2) = 2^(16) - 2^(4) = 65,536 - 16 = 65,520




Therefore, the value of the expression is 65,520.","[True, True]",[],"['', '']",[],"[{'role': 'system', 'content': 'You are a helpful assistant.'}, {'role': 'user', 'content': 'I will show you a question and a list of text segments. All the segments can be concatenated to form a complete answer to the question. Your task is to assess whether each text segment contains errors or not. \nPlease generate using the following format:\nAnswer: List the ids of the segments with errors (separated by commas). Please only output the ids, no more details. If all the segments are correct, output ""ALL_CORRECT"".\n\nHere is one example:\nQuestion: 8923164*7236571?\nSegments: \n1. The product of 8923164 and 7236571 is: 6,461,216,222,844\n2. So, 8923164 multiplied by 7236571 is equal to 6,461,216,222,844.\n\nBelow are your outputs:\nAnswer: 1,2\nIt means segment 1,2 contain errors.\n\nBelow are my inputs:\n\n\nQuestion: What is the value of the expression 2^(2^2^2) - 2^(2^2)?\nSegments: 1. The value of the expression is:\n\n\n\n\n2^(2^2^2) - 2^(2^2) = 2^(16) - 2^(4) = 65,536 - 16 = 65,520\n\n\n\n\n\n2. Therefore, the value of the expression is 65,520.\n'}]",Answer: 1,"['FN', 'TP']"
37,37,math,"What is the smallest positive integer that is a multiple of both 6 and 8, but not a multiple of 10?","To find the smallest positive integer that is a multiple of both 6 and 8, we need to find their least common multiple (LCM). 




The prime factorization of 6 is $2\cdot3$, and the prime factorization of 8 is $2^3$. To find the LCM, we take the highest power of each prime factor that appears in either factorization: $2^3\cdot3=24$. 




So the smallest positive integer that is a multiple of both 6 and 8 is 24. 




To check if 24 is a multiple of 10, we can see if it ends in a 0 or a 5. Since it doesn't, 24 is not a multiple of 10. 




Therefore, the answer is $\boxed{24}$.","[True, True, True, True, True]",[],"['', '', '', '', '']",[],"[{'role': 'system', 'content': 'You are a helpful assistant.'}, {'role': 'user', 'content': 'I will show you a question and a list of text segments. All the segments can be concatenated to form a complete answer to the question. Your task is to assess whether each text segment contains errors or not. \nPlease generate using the following format:\nAnswer: List the ids of the segments with errors (separated by commas). Please only output the ids, no more details. If all the segments are correct, output ""ALL_CORRECT"".\n\nHere is one example:\nQuestion: 8923164*7236571?\nSegments: \n1. The product of 8923164 and 7236571 is: 6,461,216,222,844\n2. So, 8923164 multiplied by 7236571 is equal to 6,461,216,222,844.\n\nBelow are your outputs:\nAnswer: 1,2\nIt means segment 1,2 contain errors.\n\nBelow are my inputs:\n\n\nQuestion: What is the smallest positive integer that is a multiple of both 6 and 8, but not a multiple of 10?\nSegments: 1. To find the smallest positive integer that is a multiple of both 6 and 8, we need to find their least common multiple (LCM). \n2. The prime factorization of 6 is $2\\cdot3$, and the prime factorization of 8 is $2^3$. To find the LCM, we take the highest power of each prime factor that appears in either factorization: $2^3\\cdot3=24$. \n3. So the smallest positive integer that is a multiple of both 6 and 8 is 24. \n4. To check if 24 is a multiple of 10, we can see if it ends in a 0 or a 5. Since it doesn\'t, 24 is not a multiple of 10. \n5. Therefore, the answer is $\\boxed{24}$.\n'}]",Answer: 4,"['TP', 'TP', 'TP', 'FN', 'TP']"
38,38,math,What is the value of the expression 1! + 2! + 3! + ... + 10! ?,"The value of the expression 1! + 2! + 3! + ... + 10! is:




1! + 2! + 3! + ... + 10! = 1 + 2 + 6 + 24 + 120 + 720 + 5040 + 40320 + 362880 + 3628800




This can be calculated by adding up the factorials of the numbers from 1 to 10. The answer is:




1 + 2 + 6 + 24 + 120 + 720 + 5040 + 40320 + 362880 + 3628800 = 3,628,800","[True, False]",[],"['', '4037913']",[],"[{'role': 'system', 'content': 'You are a helpful assistant.'}, {'role': 'user', 'content': 'I will show you a question and a list of text segments. All the segments can be concatenated to form a complete answer to the question. Your task is to assess whether each text segment contains errors or not. \nPlease generate using the following format:\nAnswer: List the ids of the segments with errors (separated by commas). Please only output the ids, no more details. If all the segments are correct, output ""ALL_CORRECT"".\n\nHere is one example:\nQuestion: 8923164*7236571?\nSegments: \n1. The product of 8923164 and 7236571 is: 6,461,216,222,844\n2. So, 8923164 multiplied by 7236571 is equal to 6,461,216,222,844.\n\nBelow are your outputs:\nAnswer: 1,2\nIt means segment 1,2 contain errors.\n\nBelow are my inputs:\n\n\nQuestion: What is the value of the expression 1! + 2! + 3! + ... + 10! ?\nSegments: 1. The value of the expression 1! + 2! + 3! + ... + 10! is:\n\n\n\n\n1! + 2! + 3! + ... + 10! = 1 + 2 + 6 + 24 + 120 + 720 + 5040 + 40320 + 362880 + 3628800\n\n\n\n\n\n2. This can be calculated by adding up the factorials of the numbers from 1 to 10. The answer is:\n\n\n\n\n1 + 2 + 6 + 24 + 120 + 720 + 5040 + 40320 + 362880 + 3628800 = 3,628,800\n'}]",Answer: 1,"['FN', 'FP']"
39,39,math,What is the value of the expression 1/1! + 1/2! + 1/3! + ... + 1/10! ?,The value of the expression is approximately 1.7182818284590455. This is a mathematical constant known as Euler's number or the natural logarithm base e.,"[False, False]",[],"['1.7182818011463847', '']",[],"[{'role': 'system', 'content': 'You are a helpful assistant.'}, {'role': 'user', 'content': 'I will show you a question and a list of text segments. All the segments can be concatenated to form a complete answer to the question. Your task is to assess whether each text segment contains errors or not. \nPlease generate using the following format:\nAnswer: List the ids of the segments with errors (separated by commas). Please only output the ids, no more details. If all the segments are correct, output ""ALL_CORRECT"".\n\nHere is one example:\nQuestion: 8923164*7236571?\nSegments: \n1. The product of 8923164 and 7236571 is: 6,461,216,222,844\n2. So, 8923164 multiplied by 7236571 is equal to 6,461,216,222,844.\n\nBelow are your outputs:\nAnswer: 1,2\nIt means segment 1,2 contain errors.\n\nBelow are my inputs:\n\n\nQuestion: What is the value of the expression 1/1! + 1/2! + 1/3! + ... + 1/10! ?\nSegments: 1. The value of the expression is approximately 1.7182818284590455.\n2. This is a mathematical constant known as Euler\'s number or the natural logarithm base e.\n'}]",Answer: ALL_CORRECT,"['FP', 'FP']"
40,40,math,What is the value of the expression sin(π/8) * sin(3π/8) * sin(5π/8) * sin(7π/8)?,"The value of the expression is 1/16. 




We can use the identity sin(x) * sin(π - x) = 1/2 * sin(2x) to simplify the expression. 




sin(π/8) * sin(7π/8) = 1/2 * sin(2π/8) = 1/2 * sin(π/4) = 1/2 * √2/2 = √2/4 




sin(3π/8) * sin(5π/8) = 1/2 * sin(2π/8 + 2π/8) = 1/2 * sin(π/2) = 1/2 




Therefore, sin(π/8) * sin(3π/8) * sin(5π/8) * sin(7π/8) = (√2/4) * (1/2) * (√2/4) * (1/2) = 1/16.","[False, False]",[],"['0.125', '']",[],"[{'role': 'system', 'content': 'You are a helpful assistant.'}, {'role': 'user', 'content': 'I will show you a question and a list of text segments. All the segments can be concatenated to form a complete answer to the question. Your task is to assess whether each text segment contains errors or not. \nPlease generate using the following format:\nAnswer: List the ids of the segments with errors (separated by commas). Please only output the ids, no more details. If all the segments are correct, output ""ALL_CORRECT"".\n\nHere is one example:\nQuestion: 8923164*7236571?\nSegments: \n1. The product of 8923164 and 7236571 is: 6,461,216,222,844\n2. So, 8923164 multiplied by 7236571 is equal to 6,461,216,222,844.\n\nBelow are your outputs:\nAnswer: 1,2\nIt means segment 1,2 contain errors.\n\nBelow are my inputs:\n\n\nQuestion: What is the value of the expression sin(π/8) * sin(3π/8) * sin(5π/8) * sin(7π/8)?\nSegments: 1. The value of the expression is 1/16.\n2. We can use the identity sin(x) * sin(π - x) = 1/2 * sin(2x) to simplify the expression. \n\n\n\n\nsin(π/8) * sin(7π/8) = 1/2 * sin(2π/8) = 1/2 * sin(π/4) = 1/2 * √2/2 = √2/4 \n\n\n\n\nsin(3π/8) * sin(5π/8) = 1/2 * sin(2π/8 + 2π/8) = 1/2 * sin(π/2) = 1/2 \n\n\n\n\nTherefore, sin(π/8) * sin(3π/8) * sin(5π/8) * sin(7π/8) = (√2/4) * (1/2) * (√2/4) * (1/2) = 1/16.\n'}]",Answer: ALL_CORRECT,"['FP', 'FP']"
41,41,math,"If x is a positive integer such that x^2 - 5x + 6 = 0, what is the value of x?","We can factor the quadratic equation as (x-2)(x-3) = 0. Therefore, the solutions are x=2 and x=3. Since x is a positive integer, the only solution is x=3.","[True, True, False]",[],"['', '', '2 is also positive interger']",[],"[{'role': 'system', 'content': 'You are a helpful assistant.'}, {'role': 'user', 'content': 'I will show you a question and a list of text segments. All the segments can be concatenated to form a complete answer to the question. Your task is to assess whether each text segment contains errors or not. \nPlease generate using the following format:\nAnswer: List the ids of the segments with errors (separated by commas). Please only output the ids, no more details. If all the segments are correct, output ""ALL_CORRECT"".\n\nHere is one example:\nQuestion: 8923164*7236571?\nSegments: \n1. The product of 8923164 and 7236571 is: 6,461,216,222,844\n2. So, 8923164 multiplied by 7236571 is equal to 6,461,216,222,844.\n\nBelow are your outputs:\nAnswer: 1,2\nIt means segment 1,2 contain errors.\n\nBelow are my inputs:\n\n\nQuestion: If x is a positive integer such that x^2 - 5x + 6 = 0, what is the value of x?\nSegments: 1. We can factor the quadratic equation as (x-2)(x-3) = 0.\n2. Therefore, the solutions are x=2 and x=3.\n3. Since x is a positive integer, the only solution is x=3.\n'}]",Answer: 1,"['FN', 'TP', 'FP']"
42,42,math,One ticket to a show costs $\$20$ at full price. Susan buys $4$ tickets using a coupon that gives her a $25\%$ discount. Pam buys $5$ tickets using a coupon that gives her a $30\%$ discount. How many more dollars does Pam pay than Susan?,"Susan gets a $25\%$ discount, so she pays $75\%$ of the full price. Therefore, each of Susan's tickets costs $0.75 \cdot 20 = 15$ dollars. Susan buys $4$ tickets, so she pays $4 \cdot 15 = 60$ dollars.




Pam gets a $30\%$ discount, so she pays $70\%$ of the full price. Therefore, each of Pam's tickets costs $0.70 \cdot 20 = 14$ dollars. Pam buys $5$ tickets, so she pays $5 \cdot 14 = 70$ dollars.




Pam pays $70 - 60 = \boxed{10}$ dollars more than Susan.","[True, True]",[],"['', '']",[],"[{'role': 'system', 'content': 'You are a helpful assistant.'}, {'role': 'user', 'content': 'I will show you a question and a list of text segments. All the segments can be concatenated to form a complete answer to the question. Your task is to assess whether each text segment contains errors or not. \nPlease generate using the following format:\nAnswer: List the ids of the segments with errors (separated by commas). Please only output the ids, no more details. If all the segments are correct, output ""ALL_CORRECT"".\n\nHere is one example:\nQuestion: 8923164*7236571?\nSegments: \n1. The product of 8923164 and 7236571 is: 6,461,216,222,844\n2. So, 8923164 multiplied by 7236571 is equal to 6,461,216,222,844.\n\nBelow are your outputs:\nAnswer: 1,2\nIt means segment 1,2 contain errors.\n\nBelow are my inputs:\n\n\nQuestion: One ticket to a show costs $\\$20$ at full price. Susan buys $4$ tickets using a coupon that gives her a $25\\%$ discount. Pam buys $5$ tickets using a coupon that gives her a $30\\%$ discount. How many more dollars does Pam pay than Susan?\nSegments: 1. Susan gets a $25\\%$ discount, so she pays $75\\%$ of the full price. Therefore, each of Susan\'s tickets costs $0.75 \\cdot 20 = 15$ dollars. Susan buys $4$ tickets, so she pays $4 \\cdot 15 = 60$ dollars.\n\n\n\n\nPam gets a $30\\%$ discount, so she pays $70\\%$ of the full price. Therefore, each of Pam\'s tickets costs $0.70 \\cdot 20 = 14$ dollars. Pam buys $5$ tickets, so she pays $5 \\cdot 14 = 70$ dollars.\n\n\n\n\n\n2. Pam pays $70 - 60 = \\boxed{10}$ dollars more than Susan.\n'}]",Answer: 2,"['TP', 'FN']"
43,43,math,Solve the following equation for $x$: \[ \ \frac{2}{3} = \frac{4}{x-5}.\],"We begin by cross-multiplying: \begin{align*}
\frac{2}{3} &= \frac{4}{x-5} \\
2(x-5) &= 3\cdot 4 \\
2x-10 &= 12 \\
2x &= 22 \\
x &= \boxed{11}.
\end{align*}","[True, True, True, True, True]",[],"['', '', '', '', '']",[],"[{'role': 'system', 'content': 'You are a helpful assistant.'}, {'role': 'user', 'content': 'I will show you a question and a list of text segments. All the segments can be concatenated to form a complete answer to the question. Your task is to assess whether each text segment contains errors or not. \nPlease generate using the following format:\nAnswer: List the ids of the segments with errors (separated by commas). Please only output the ids, no more details. If all the segments are correct, output ""ALL_CORRECT"".\n\nHere is one example:\nQuestion: 8923164*7236571?\nSegments: \n1. The product of 8923164 and 7236571 is: 6,461,216,222,844\n2. So, 8923164 multiplied by 7236571 is equal to 6,461,216,222,844.\n\nBelow are your outputs:\nAnswer: 1,2\nIt means segment 1,2 contain errors.\n\nBelow are my inputs:\n\n\nQuestion: Solve the following equation for $x$: \\[ \\ \\frac{2}{3} = \\frac{4}{x-5}.\\]\nSegments: 1. We begin by cross-multiplying: \\begin{align*}\n\\frac{2}{3} &= \\frac{4}{x-5} \\\\\n\n2. x-5) &= 3\\cdot 4 \\\\\n\n3. x-10 &= 12 \\\\\n\n4. x &= 22 \\\\\n\n5. x &= \\boxed{11}.\n\\end{align*}\n'}]","Answer: 2,5","['TP', 'FN', 'TP', 'TP', 'FN']"
44,44,math,"Which of the following has the least value? $$A=\sqrt{2}, \quad
B=\sqrt[4]{4}, \quad
C=\sqrt[8]{8}.$$ Enter your answer as $A$, $B$, or $C$.","We can rewrite $B$ and $C$ as follows: \begin{align*}
B &= \sqrt[4]{4} = \sqrt{\sqrt{4}} = \sqrt{2}, \\
C &= \sqrt[8]{8} = \sqrt{\sqrt{\sqrt{\sqrt{8}}}}.
\end{align*} Since $\sqrt{2} < \sqrt{\sqrt{\sqrt{\sqrt{8}}}}$, we have $A < C$. Since $A = \sqrt{2} < \sqrt{2} = B$, we have $A < B$. Therefore, $\boxed{A}$ has the least value.","[False, False, False, False]",[],"['', 'A>C', 'A=B', '']",[],"[{'role': 'system', 'content': 'You are a helpful assistant.'}, {'role': 'user', 'content': 'I will show you a question and a list of text segments. All the segments can be concatenated to form a complete answer to the question. Your task is to assess whether each text segment contains errors or not. \nPlease generate using the following format:\nAnswer: List the ids of the segments with errors (separated by commas). Please only output the ids, no more details. If all the segments are correct, output ""ALL_CORRECT"".\n\nHere is one example:\nQuestion: 8923164*7236571?\nSegments: \n1. The product of 8923164 and 7236571 is: 6,461,216,222,844\n2. So, 8923164 multiplied by 7236571 is equal to 6,461,216,222,844.\n\nBelow are your outputs:\nAnswer: 1,2\nIt means segment 1,2 contain errors.\n\nBelow are my inputs:\n\n\nQuestion: Which of the following has the least value? $$A=\\sqrt{2}, \\quad\nB=\\sqrt[4]{4}, \\quad\nC=\\sqrt[8]{8}.$$ Enter your answer as $A$, $B$, or $C$.\nSegments: 1. We can rewrite $B$ and $C$ as follows: \\begin{align*}\nB &= \\sqrt[4]{4} = \\sqrt{\\sqrt{4}} = \\sqrt{2}, \\\\\nC &= \\sqrt[8]{8} = \\sqrt{\\sqrt{\\sqrt{\\sqrt{8}}}}.\n\\end{align*} \n2. Since $\\sqrt{2} < \\sqrt{\\sqrt{\\sqrt{\\sqrt{8}}}}$, we have $A < C$. \n3. Since $A = \\sqrt{2} < \\sqrt{2} = B$, we have $A < B$. \n4. Therefore, $\\boxed{A}$ has the least value.\n'}]",Answer: ALL_CORRECT,"['FP', 'FP', 'FP', 'FP']"
45,45,math,"If $a * b = 2a + 3b$ for all $a$ and $b$, then what is the value of $4 * 3$?","We can use the given formula $a * b = 2a + 3b$ to find the value of $4 * 3$:




$4 * 3 = 2(4) + 3(3)$




$4 * 3 = 8 + 9$




$4 * 3 = 17$




Therefore, $4 * 3$ equals 17.","[True, False, False, False, False]",[],"['', '4 * 3 = 24 + 33', '', '', '']",[],"[{'role': 'system', 'content': 'You are a helpful assistant.'}, {'role': 'user', 'content': 'I will show you a question and a list of text segments. All the segments can be concatenated to form a complete answer to the question. Your task is to assess whether each text segment contains errors or not. \nPlease generate using the following format:\nAnswer: List the ids of the segments with errors (separated by commas). Please only output the ids, no more details. If all the segments are correct, output ""ALL_CORRECT"".\n\nHere is one example:\nQuestion: 8923164*7236571?\nSegments: \n1. The product of 8923164 and 7236571 is: 6,461,216,222,844\n2. So, 8923164 multiplied by 7236571 is equal to 6,461,216,222,844.\n\nBelow are your outputs:\nAnswer: 1,2\nIt means segment 1,2 contain errors.\n\nBelow are my inputs:\n\n\nQuestion: If $a * b = 2a + 3b$ for all $a$ and $b$, then what is the value of $4 * 3$?\nSegments: 1. We can use the given formula $a * b = 2a + 3b$ to find the value of $4 * 3$:\n2. \n3. \n4. \n5. Therefore, $4 * 3$ equals 17.\n'}]","Answer: 2,3,4","['TP', 'TN', 'TN', 'TN', 'FP']"
46,46,math,Expand $(q-5)(3r+6)$.,"Using the distributive property, we have:




\begin{align*}
(q-5)(3r+6) &= q(3r+6) - 5(3r+6) \\
&= 3qr + 6q - 15r - 30 \\
&= \boxed{3qr + 6q - 15r - 30}
\end{align*}",[True],[],[''],[],"[{'role': 'system', 'content': 'You are a helpful assistant.'}, {'role': 'user', 'content': 'I will show you a question and a list of text segments. All the segments can be concatenated to form a complete answer to the question. Your task is to assess whether each text segment contains errors or not. \nPlease generate using the following format:\nAnswer: List the ids of the segments with errors (separated by commas). Please only output the ids, no more details. If all the segments are correct, output ""ALL_CORRECT"".\n\nHere is one example:\nQuestion: 8923164*7236571?\nSegments: \n1. The product of 8923164 and 7236571 is: 6,461,216,222,844\n2. So, 8923164 multiplied by 7236571 is equal to 6,461,216,222,844.\n\nBelow are your outputs:\nAnswer: 1,2\nIt means segment 1,2 contain errors.\n\nBelow are my inputs:\n\n\nQuestion: Expand $(q-5)(3r+6)$.\nSegments: 1. Using the distributive property, we have:\n\n\n\n\n\\begin{align*}\n(q-5)(3r+6) &= q(3r+6) - 5(3r+6) \\\\\n&= 3qr + 6q - 15r - 30 \\\\\n&= \\boxed{3qr + 6q - 15r - 30}\n\\end{align*}\n'}]",Answer: ALL_CORRECT,['TP']
47,47,math,Compute: $32^2 - 18^2$.,We can use the difference of squares factorization $a^2-b^2=(a+b)(a-b)$ to simplify the expression: $$32^2-18^2=(32+18)(32-18)=50\cdot 14=\boxed{700}.$$,"[True, True]",[],"['', '']",[],"[{'role': 'system', 'content': 'You are a helpful assistant.'}, {'role': 'user', 'content': 'I will show you a question and a list of text segments. All the segments can be concatenated to form a complete answer to the question. Your task is to assess whether each text segment contains errors or not. \nPlease generate using the following format:\nAnswer: List the ids of the segments with errors (separated by commas). Please only output the ids, no more details. If all the segments are correct, output ""ALL_CORRECT"".\n\nHere is one example:\nQuestion: 8923164*7236571?\nSegments: \n1. The product of 8923164 and 7236571 is: 6,461,216,222,844\n2. So, 8923164 multiplied by 7236571 is equal to 6,461,216,222,844.\n\nBelow are your outputs:\nAnswer: 1,2\nIt means segment 1,2 contain errors.\n\nBelow are my inputs:\n\n\nQuestion: Compute: $32^2 - 18^2$.\nSegments: 1. We can use the difference of squares factorization $a^2-b^2=(a+b)(a-b)$ to simplify the expression: \n2. cdot 14=\\boxed{700}.$\n'}]",Answer: 2,"['TP', 'FN']"
48,48,math,"Find $k$, if ${(3^k)}^6=3^6$.","We have ${(3^k)}^6=3^{6k}$, so we want to solve $3^{6k}=3^6$. Since $3^6=729$, we have $3^{6k}=729$. Writing $729$ as $3^6$, we have $3^{6k}=3^6$, so $6k=6$. Therefore, $k=\boxed{1}$.","[True, True, True, True]",[],"['', '', '', '']",[],"[{'role': 'system', 'content': 'You are a helpful assistant.'}, {'role': 'user', 'content': 'I will show you a question and a list of text segments. All the segments can be concatenated to form a complete answer to the question. Your task is to assess whether each text segment contains errors or not. \nPlease generate using the following format:\nAnswer: List the ids of the segments with errors (separated by commas). Please only output the ids, no more details. If all the segments are correct, output ""ALL_CORRECT"".\n\nHere is one example:\nQuestion: 8923164*7236571?\nSegments: \n1. The product of 8923164 and 7236571 is: 6,461,216,222,844\n2. So, 8923164 multiplied by 7236571 is equal to 6,461,216,222,844.\n\nBelow are your outputs:\nAnswer: 1,2\nIt means segment 1,2 contain errors.\n\nBelow are my inputs:\n\n\nQuestion: Find $k$, if ${(3^k)}^6=3^6$.\nSegments: 1. We have ${(3^k)}^6=3^{6k}$, so we want to solve $3^{6k}=3^6$. \n2. Since $3^6=729$, we have $3^{6k}=729$. \n3. Writing $729$ as $3^6$, we have $3^{6k}=3^6$, so $6k=6$. \n4. Therefore, $k=\\boxed{1}$.\n'}]",Answer: ALL_CORRECT,"['TP', 'TP', 'TP', 'TP']"
